{
    "describe": 1320207483, 
    "editor_res": false, 
    "key": 200767, 
    "map_name": "x1hero", 
    "model_id": 504035, 
    "name": 105339087, 
    "offical_tags": {
        "__tuple__": true, 
        "items": [
            "code_Realistic", 
            "code_Hero", 
            "code_Chinese style", 
            "code_Male", 
            "code_Strong", 
            "code_Archer", 
            "code_Bow and arrows", 
            "code_Gold"
        ]
    }, 
    "preview_icon": "UP1ModelPreview/200767", 
    "release_delete": {
        "__tuple__": true, 
        "items": []
    }, 
    "release_hide": false, 
    "res_identify": "all", 
    "select_effect_scale": 5.0, 
    "socket_info": {
        "Base": {
            "__tuple__": true, 
            "items": [
                "Base", 
                "b_Root", 
                0.0, 
                0.0, 
                0.0
            ]
        }, 
        "Body": {
            "__tuple__": true, 
            "items": [
                "Body", 
                "b_Spine", 
                0.0, 
                0.0, 
                0.0
            ]
        }, 
        "HeadM": {
            "__tuple__": true, 
            "items": [
                "HeadM", 
                "b_Head", 
                0.0, 
                0.0, 
                0.0
            ]
        }, 
        "LEFT_SHOULDER": {
            "__tuple__": true, 
            "items": [
                "LEFT_SHOULDER", 
                "b_Spine2", 
                0.279607, 
                0.136735, 
                0.019945
            ]
        }, 
        "Left_Wing": {
            "__tuple__": true, 
            "items": [
                "Left_Wing", 
                "b_Spine2", 
                0.169869, 
                0.094825, 
                0.160275
            ]
        }, 
        "RIGHT_SHOULDER": {
            "__tuple__": true, 
            "items": [
                "RIGHT_SHOULDER", 
                "b_Spine2", 
                0.280126, 
                -0.136255, 
                0.02675
            ]
        }, 
        "Right_Wing": {
            "__tuple__": true, 
            "items": [
                "Right_Wing", 
                "b_Spine2", 
                0.16668, 
                -0.11, 
                0.165125
            ]
        }, 
        "back": {
            "__tuple__": true, 
            "items": [
                "back", 
                "b_Spine2", 
                0.088138, 
                0.006206, 
                0.24739
            ]
        }, 
        "chest": {
            "__tuple__": true, 
            "items": [
                "chest", 
                "b_Spine2", 
                -0.030274, 
                0.0, 
                -0.112928
            ]
        }, 
        "effect_01": {
            "__tuple__": true, 
            "items": [
                "effect_01", 
                "b_LeftForeArm", 
                0.123287, 
                0.116735, 
                -0.005616
            ]
        }, 
        "effect_02": {
            "__tuple__": true, 
            "items": [
                "effect_02", 
                "b_RightForeArm", 
                0.118068, 
                -0.110511, 
                0.0
            ]
        }, 
        "effect_03": {
            "__tuple__": true, 
            "items": [
                "effect_03", 
                "b_Root", 
                0.0, 
                0.0, 
                0.0
            ]
        }, 
        "foot1": {
            "__tuple__": true, 
            "items": [
                "foot1", 
                "b_LeftToe", 
                0.0, 
                0.0, 
                0.0
            ]
        }, 
        "foot2": {
            "__tuple__": true, 
            "items": [
                "foot2", 
                "b_RightToe", 
                0.0, 
                0.0, 
                0.0
            ]
        }, 
        "hand1": {
            "__tuple__": true, 
            "items": [
                "hand1", 
                "b_LeftHand", 
                0.0, 
                0.0, 
                0.0
            ]
        }, 
        "hand2": {
            "__tuple__": true, 
            "items": [
                "hand2", 
                "b_RightHand", 
                0.0, 
                0.0, 
                0.0
            ]
        }, 
        "head": {
            "__tuple__": true, 
            "items": [
                "head", 
                "b_Root", 
                0.0, 
                2.5, 
                0.0
            ]
        }, 
        "hit_point": {
            "__tuple__": true, 
            "items": [
                "hit_point", 
                "b_Pelvis", 
                0.0, 
                0.0, 
                0.0
            ]
        }, 
        "left_hand": {
            "__tuple__": true, 
            "items": [
                "left_hand", 
                "b_LeftForeArm", 
                0.05, 
                0.0, 
                0.0
            ]
        }, 
        "left_hand_effect": {
            "__tuple__": true, 
            "items": [
                "left_hand_effect", 
                "b_LeftHand", 
                0.091121, 
                0.0, 
                0.0
            ]
        }, 
        "left_weapon": {
            "__tuple__": true, 
            "items": [
                "left_weapon", 
                "b_Lweapon", 
                0.0, 
                0.0, 
                0.0
            ]
        }, 
        "missile": {
            "__tuple__": true, 
            "items": [
                "missile", 
                "b_Root", 
                0.157515, 
                1.485, 
                1.27641
            ]
        }, 
        "missile_attack": {
            "__tuple__": true, 
            "items": [
                "missile_attack", 
                "b_Root", 
                -0.061262, 
                1.375, 
                1.37707
            ]
        }, 
        "missile_attack01": {
            "__tuple__": true, 
            "items": [
                "missile_attack01", 
                "b_Root", 
                0.110162, 
                2.3075, 
                0.418726
            ]
        }, 
        "right_hand": {
            "__tuple__": true, 
            "items": [
                "right_hand", 
                "b_RightForeArm", 
                0.05, 
                0.0, 
                0.0
            ]
        }, 
        "right_hand_effect": {
            "__tuple__": true, 
            "items": [
                "right_hand_effect", 
                "b_RightHand", 
                0.080927, 
                0.0, 
                0.0
            ]
        }, 
        "right_weapon": {
            "__tuple__": true, 
            "items": [
                "right_weapon", 
                "b_Rweapon", 
                0.0, 
                0.0, 
                0.0
            ]
        }, 
        "root": {
            "__tuple__": true, 
            "items": [
                "root", 
                "b_Root", 
                0.0, 
                0.0, 
                0.0
            ]
        }, 
        "shine1": {
            "__tuple__": true, 
            "items": [
                "shine1", 
                "b_LeftClav_annex01", 
                0.0, 
                0.0, 
                0.074336
            ]
        }, 
        "shine2": {
            "__tuple__": true, 
            "items": [
                "shine2", 
                "b_Spine", 
                0.060008, 
                -0.036698, 
                -0.209274
            ]
        }, 
        "shine3": {
            "__tuple__": true, 
            "items": [
                "shine3", 
                "b_LeftLeg", 
                0.0, 
                0.031441, 
                -0.123142
            ]
        }, 
        "sound": {
            "__tuple__": true, 
            "items": [
                "sound", 
                "b_Head", 
                0.2, 
                0.1, 
                0.0
            ]
        }, 
        "tail": {
            "__tuple__": true, 
            "items": [
                "tail", 
                "b_Pelvis", 
                -0.125075, 
                0.0125, 
                0.0
            ]
        }, 
        "unit_info": {
            "__tuple__": true, 
            "items": [
                "unit_info", 
                "b_Root", 
                0.002311, 
                2.12, 
                0.03604
            ]
        }
    }, 
    "source": "code_Source_Import", 
    "uid": "editor_model_200767"
}