{
    "describe": 864502016, 
    "editor_res": false, 
    "key": 205042, 
    "map_name": "G57", 
    "model_id": 523002, 
    "name": -4376484, 
    "offical_tags": {
        "__tuple__": true, 
        "items": [
            "code_Cartoon", 
            "code_Hero", 
            "code_Three Kingdoms", 
            "code_Male", 
            "code_Adult", 
            "code_Assassin", 
            "code_Strong", 
            "code_Purple"
        ]
    }, 
    "preview_icon": "UP1ModelPreview/205042", 
    "release_delete": {
        "__tuple__": true, 
        "items": []
    }, 
    "release_hide": false, 
    "res_identify": "all", 
    "select_effect_scale": 0.01, 
    "socket_info": {
        "L-weapon": {
            "__tuple__": true, 
            "items": [
                "L-weapon", 
                "wq2", 
                0.0, 
                0.0, 
                0.0
            ]
        }, 
        "R-weapon": {
            "__tuple__": true, 
            "items": [
                "R-weapon", 
                "wq1", 
                0.0, 
                0.0, 
                0.0
            ]
        }, 
        "foot1": {
            "__tuple__": true, 
            "items": [
                "foot1", 
                "Bip01-L-Foot", 
                0.0, 
                0.0, 
                0.0
            ]
        }, 
        "foot2": {
            "__tuple__": true, 
            "items": [
                "foot2", 
                "Bip01-R-Foot", 
                0.0, 
                0.0, 
                0.0
            ]
        }, 
        "hand1": {
            "__tuple__": true, 
            "items": [
                "hand1", 
                "Bip01-L-Hand", 
                0.0, 
                0.0, 
                0.0
            ]
        }, 
        "hand2": {
            "__tuple__": true, 
            "items": [
                "hand2", 
                "Bip01-R-Hand", 
                0.0, 
                0.0, 
                0.0
            ]
        }, 
        "head": {
            "__tuple__": true, 
            "items": [
                "head", 
                "Bip01-Head", 
                0.0, 
                0.0, 
                0.0
            ]
        }, 
        "hit_point": {
            "__tuple__": true, 
            "items": [
                "hit_point", 
                "Bip01-Pelvis", 
                0.0, 
                0.0, 
                0.0
            ]
        }, 
        "root": {
            "__tuple__": true, 
            "items": [
                "root", 
                "Scene Root", 
                0.0, 
                0.0, 
                0.0
            ]
        }, 
        "sound": {
            "__tuple__": true, 
            "items": [
                "sound", 
                "Bip01-Head", 
                0.2, 
                0.1, 
                0.0
            ]
        }
    }, 
    "source": "code_Source_Import", 
    "uid": "editor_model_205042"
}