{
 "f": [
  {
   "__tuple__": true, 
   "items": [
    "", 
    0, 
    2147483647, 
    "code_explorer_custom_root_folder_name"
   ]
  }
 ], 
 "d": {
  "134264134": {
   "__tuple__": true, 
   "items": [
    2147483647, 
    0
   ]
  }, 
  "134273426": {
   "__tuple__": true, 
   "items": [
    2147483647, 
    1
   ]
  }, 
  "134281263": {
   "__tuple__": true, 
   "items": [
    2147483647, 
    2
   ]
  }, 
  "134226407": {
   "__tuple__": true, 
   "items": [
    2147483647, 
    3
   ]
  }, 
  "134253178": {
   "__tuple__": true, 
   "items": [
    2147483647, 
    4
   ]
  }, 
  "134229102": {
   "__tuple__": true, 
   "items": [
    2147483647, 
    5
   ]
  }, 
  "134238028": {
   "__tuple__": true, 
   "items": [
    2147483647, 
    6
   ]
  }, 
  "134244339": {
   "__tuple__": true, 
   "items": [
    2147483647, 
    7
   ]
  }, 
  "134239797": {
   "__tuple__": true, 
   "items": [
    2147483647, 
    8
   ]
  }, 
  "134251408": {
   "__tuple__": true, 
   "items": [
    2147483647, 
    9
   ]
  }, 
  "134238762": {
   "__tuple__": true, 
   "items": [
    2147483647, 
    10
   ]
  }, 
  "134273916": {
   "__tuple__": true, 
   "items": [
    2147483647, 
    11
   ]
  }, 
  "134237461": {
   "__tuple__": true, 
   "items": [
    2147483647, 
    12
   ]
  }, 
  "134246158": {
   "__tuple__": true, 
   "items": [
    2147483647, 
    13
   ]
  }
 }
}