{
 "f": [
  {
   "__tuple__": true, 
   "items": [
    "", 
    0, 
    2147483647, 
    "code_explorer_custom_root_folder_name"
   ]
  }
 ], 
 "d": {
  "134227682": {
   "__tuple__": true, 
   "items": [
    2147483647, 
    0
   ]
  }, 
  "134237531": {
   "__tuple__": true, 
   "items": [
    2147483647, 
    1
   ]
  }, 
  "134232379": {
   "__tuple__": true, 
   "items": [
    2147483647, 
    2
   ]
  }, 
  "134246683": {
   "__tuple__": true, 
   "items": [
    2147483647, 
    3
   ]
  }, 
  "134255575": {
   "__tuple__": true, 
   "items": [
    2147483647, 
    4
   ]
  }, 
  "134228305": {
   "__tuple__": true, 
   "items": [
    2147483647, 
    5
   ]
  }, 
  "134222948": {
   "__tuple__": true, 
   "items": [
    2147483647, 
    6
   ]
  }, 
  "134225424": {
   "__tuple__": true, 
   "items": [
    2147483647, 
    7
   ]
  }, 
  "134252314": {
   "__tuple__": true, 
   "items": [
    2147483647, 
    8
   ]
  }, 
  "134248918": {
   "__tuple__": true, 
   "items": [
    2147483647, 
    9
   ]
  }, 
  "134249125": {
   "__tuple__": true, 
   "items": [
    2147483647, 
    10
   ]
  }
 }
}