{
 "f": [
  {
   "__tuple__": true, 
   "items": [
    "", 
    0, 
    2147483647, 
    "code_explorer_custom_root_folder_name"
   ]
  }
 ], 
 "d": {
  "134258961": {
   "__tuple__": true, 
   "items": [
    2147483647, 
    0
   ]
  }, 
  "134266621": {
   "__tuple__": true, 
   "items": [
    2147483647, 
    1
   ]
  }, 
  "134229602": {
   "__tuple__": true, 
   "items": [
    2147483647, 
    2
   ]
  }, 
  "134233577": {
   "__tuple__": true, 
   "items": [
    2147483647, 
    3
   ]
  }, 
  "134264617": {
   "__tuple__": true, 
   "items": [
    2147483647, 
    4
   ]
  }, 
  "134274905": {
   "__tuple__": true, 
   "items": [
    2147483647, 
    5
   ]
  }, 
  "134270865": {
   "__tuple__": true, 
   "items": [
    2147483647, 
    6
   ]
  }
 }
}