{
 "f": [
  {
   "__tuple__": true, 
   "items": [
    "", 
    0, 
    2147483647, 
    "code_explorer_custom_root_folder_name"
   ]
  }
 ], 
 "d": {
  "134224315": {
   "__tuple__": true, 
   "items": [
    2147483647, 
    0
   ]
  }, 
  "134236062": {
   "__tuple__": true, 
   "items": [
    2147483647, 
    1
   ]
  }, 
  "134238038": {
   "__tuple__": true, 
   "items": [
    2147483647, 
    2
   ]
  }, 
  "134252387": {
   "__tuple__": true, 
   "items": [
    2147483647, 
    3
   ]
  }, 
  "134254838": {
   "__tuple__": true, 
   "items": [
    2147483647, 
    4
   ]
  }
 }
}