<?xml version='1.0' encoding='utf-8'?>
<Resource>
	<Version>2</Version>
	<SMaterialData>
		<Root>
			<Sub />
			<Entity type="SMaterialData">
				<name>_material</name>
				<info>
					<Layers count="10" ordered="true">
						<Element index="0">
							<LayerName>combo01_submat</LayerName>
							<ShaderName>Particle</ShaderName>
							<Parameters count="11" ordered="true">
								<Element index="0">
									<Name>DiffuseTexture</Name>
									<Value>ffffffff-0100-0000-0100-000047000000</Value>
								</Element>
								<Element index="1">
									<Name>InvFadeDistance</Name>
									<Value>0</Value>
								</Element>
								<Element index="2">
									<Name>ModulateColor</Name>
									<Value>(1, 1, 1, 1)</Value>
								</Element>
								<Element index="3">
									<Name>Soft</Name>
									<Value>0</Value>
								</Element>
								<Element index="4">
									<Name>HDRScale</Name>
									<Value>2</Value>
								</Element>
								<Element index="5">
									<Name>UVScale</Name>
									<Value>(1, 1)</Value>
								</Element>
								<Element index="6">
									<Name>Local</Name>
									<Value>1</Value>
								</Element>
								<Element index="7">
									<Name>BloomScale</Name>
									<Value>0.5</Value>
								</Element>
								<Element index="8">
									<Name>FogStrength</Name>
									<Value>0</Value>
								</Element>
								<Element index="9">
									<Name>DepthBias</Name>
									<Value>0</Value>
								</Element>
								<Element index="10">
									<Name>Distortion</Name>
									<Value>0</Value>
								</Element>
							</Parameters>
							<InactiveParameters count="0" ordered="true" />
							<MultiPassMaterials count="0" ordered="true" />
						</Element>
						<Element index="1">
							<LayerName>noise01_submat</LayerName>
							<ShaderName>Effect/Twisted</ShaderName>
							<Parameters count="12" ordered="true">
								<Element index="0">
									<Name>DiffuseTexture</Name>
									<Value>11229b3a-f52f-4cb0-96bc-26471f580554</Value>
								</Element>
								<Element index="1">
									<Name>MaskTexture</Name>
									<Value>6d3839cd-4373-497a-bebe-057787c9b938</Value>
								</Element>
								<Element index="2">
									<Name>TwistTexture</Name>
									<Value>762e7875-864b-5c74-8899-4b546ecfb8e3</Value>
								</Element>
								<Element index="3">
									<Name>TwistUVScolling</Name>
									<Value>(0.7, 3, -2, 0)</Value>
								</Element>
								<Element index="4">
									<Name>Soft</Name>
									<Value>0</Value>
								</Element>
								<Element index="5">
									<Name>DepthBias</Name>
									<Value>0</Value>
								</Element>
								<Element index="6">
									<Name>HDRScale</Name>
									<Value>1</Value>
								</Element>
								<Element index="7">
									<Name>FogStrength</Name>
									<Value>0</Value>
								</Element>
								<Element index="8">
									<Name>TwistStrength</Name>
									<Value>(0.15, 0.25)</Value>
								</Element>
								<Element index="9">
									<Name>ModulateColor</Name>
									<Value>(5, 5, 5, 1.2)</Value>
								</Element>
								<Element index="10">
									<Name>DiffuseUVScolling</Name>
									<Value>(0.3, 0.63, 0, 0)</Value>
								</Element>
								<Element index="11">
									<Name>BloomScale</Name>
									<Value>1</Value>
								</Element>
							</Parameters>
							<InactiveParameters count="0" ordered="true" />
							<MultiPassMaterials count="0" ordered="true" />
						</Element>
						<Element index="2">
							<LayerName>noise02_submat</LayerName>
							<ShaderName>Effect/Twisted</ShaderName>
							<Parameters count="12" ordered="true">
								<Element index="0">
									<Name>DiffuseTexture</Name>
									<Value>11229b3a-f52f-4cb0-96bc-26471f580554</Value>
								</Element>
								<Element index="1">
									<Name>MaskTexture</Name>
									<Value>6d3839cd-4373-497a-bebe-057787c9b938</Value>
								</Element>
								<Element index="2">
									<Name>TwistTexture</Name>
									<Value>762e7875-864b-5c74-8899-4b546ecfb8e3</Value>
								</Element>
								<Element index="3">
									<Name>TwistUVScolling</Name>
									<Value>(0.7, 3, -2, 0)</Value>
								</Element>
								<Element index="4">
									<Name>Soft</Name>
									<Value>0</Value>
								</Element>
								<Element index="5">
									<Name>DepthBias</Name>
									<Value>0</Value>
								</Element>
								<Element index="6">
									<Name>HDRScale</Name>
									<Value>1</Value>
								</Element>
								<Element index="7">
									<Name>FogStrength</Name>
									<Value>0</Value>
								</Element>
								<Element index="8">
									<Name>TwistStrength</Name>
									<Value>(0.15, 0.25)</Value>
								</Element>
								<Element index="9">
									<Name>ModulateColor</Name>
									<Value>(5, 5, 5, 1.2)</Value>
								</Element>
								<Element index="10">
									<Name>DiffuseUVScolling</Name>
									<Value>(0.5, 0.63, 0, 0)</Value>
								</Element>
								<Element index="11">
									<Name>BloomScale</Name>
									<Value>1</Value>
								</Element>
							</Parameters>
							<InactiveParameters count="0" ordered="true" />
							<MultiPassMaterials count="0" ordered="true" />
						</Element>
						<Element index="3">
							<LayerName>noise03_submat</LayerName>
							<ShaderName>Effect/Twisted</ShaderName>
							<Parameters count="12" ordered="true">
								<Element index="0">
									<Name>DiffuseTexture</Name>
									<Value>b61c0393-a710-4f52-bc32-a91e0a99a24b</Value>
								</Element>
								<Element index="1">
									<Name>MaskTexture</Name>
									<Value>b61c0393-a710-4f52-bc32-a91e0a99a24b</Value>
								</Element>
								<Element index="2">
									<Name>TwistTexture</Name>
									<Value>7f7cc947-f8bc-5e4e-b240-646af05b6728</Value>
								</Element>
								<Element index="3">
									<Name>TwistUVScolling</Name>
									<Value>(0.7, 3, -2, 0)</Value>
								</Element>
								<Element index="4">
									<Name>Soft</Name>
									<Value>0</Value>
								</Element>
								<Element index="5">
									<Name>DepthBias</Name>
									<Value>0</Value>
								</Element>
								<Element index="6">
									<Name>HDRScale</Name>
									<Value>1</Value>
								</Element>
								<Element index="7">
									<Name>FogStrength</Name>
									<Value>0</Value>
								</Element>
								<Element index="8">
									<Name>TwistStrength</Name>
									<Value>(0.15, 0.1)</Value>
								</Element>
								<Element index="9">
									<Name>ModulateColor</Name>
									<Value>(5, 5, 5, 3)</Value>
								</Element>
								<Element index="10">
									<Name>DiffuseUVScolling</Name>
									<Value>(0.8, 0.8, 0, 0)</Value>
								</Element>
								<Element index="11">
									<Name>BloomScale</Name>
									<Value>1</Value>
								</Element>
							</Parameters>
							<InactiveParameters count="0" ordered="true" />
							<MultiPassMaterials count="0" ordered="true" />
						</Element>
						<Element index="4">
							<LayerName>light1_submat</LayerName>
							<ShaderName>Effect/Twisted</ShaderName>
							<Parameters count="12" ordered="true">
								<Element index="0">
									<Name>DiffuseTexture</Name>
									<Value>e4826aa9-7b8b-477d-a151-035447acbe28</Value>
								</Element>
								<Element index="1">
									<Name>MaskTexture</Name>
									<Value>00000000-0000-0000-0000-000000000000</Value>
								</Element>
								<Element index="2">
									<Name>TwistTexture</Name>
									<Value>7f7cc947-f8bc-5e4e-b240-646af05b6728</Value>
								</Element>
								<Element index="3">
									<Name>TwistUVScolling</Name>
									<Value>(1, 1, 0.2, 1)</Value>
								</Element>
								<Element index="4">
									<Name>Soft</Name>
									<Value>0</Value>
								</Element>
								<Element index="5">
									<Name>DepthBias</Name>
									<Value>0</Value>
								</Element>
								<Element index="6">
									<Name>HDRScale</Name>
									<Value>1</Value>
								</Element>
								<Element index="7">
									<Name>FogStrength</Name>
									<Value>0</Value>
								</Element>
								<Element index="8">
									<Name>TwistStrength</Name>
									<Value>(0.10000000149011612, 0.10000000149011612)</Value>
								</Element>
								<Element index="9">
									<Name>ModulateColor</Name>
									<Value>(2, 2, 5, 50)</Value>
								</Element>
								<Element index="10">
									<Name>DiffuseUVScolling</Name>
									<Value>(1, 1, 0, 0)</Value>
								</Element>
								<Element index="11">
									<Name>BloomScale</Name>
									<Value>1</Value>
								</Element>
							</Parameters>
							<InactiveParameters count="0" ordered="true" />
							<MultiPassMaterials count="0" ordered="true" />
						</Element>
						<Element index="5">
							<LayerName>xian01_submat</LayerName>
							<ShaderName>Particle</ShaderName>
							<Parameters count="11" ordered="true">
								<Element index="0">
									<Name>DiffuseTexture</Name>
									<Value>e8b892dc-ffd9-5c5b-b9f1-b17aff83d618</Value>
								</Element>
								<Element index="1">
									<Name>InvFadeDistance</Name>
									<Value>4</Value>
								</Element>
								<Element index="2">
									<Name>ModulateColor</Name>
									<Value>(3, 3, 3, 5)</Value>
								</Element>
								<Element index="3">
									<Name>Soft</Name>
									<Value>0</Value>
								</Element>
								<Element index="4">
									<Name>HDRScale</Name>
									<Value>2</Value>
								</Element>
								<Element index="5">
									<Name>UVScale</Name>
									<Value>(1, 1)</Value>
								</Element>
								<Element index="6">
									<Name>Local</Name>
									<Value>1</Value>
								</Element>
								<Element index="7">
									<Name>BloomScale</Name>
									<Value>0.5</Value>
								</Element>
								<Element index="8">
									<Name>FogStrength</Name>
									<Value>0</Value>
								</Element>
								<Element index="9">
									<Name>DepthBias</Name>
									<Value>0</Value>
								</Element>
								<Element index="10">
									<Name>Distortion</Name>
									<Value>0</Value>
								</Element>
							</Parameters>
							<InactiveParameters count="0" ordered="true" />
							<MultiPassMaterials count="0" ordered="true" />
						</Element>
						<Element index="6">
							<LayerName>glow08_submat</LayerName>
							<ShaderName>Particle</ShaderName>
							<Parameters count="11" ordered="true">
								<Element index="0">
									<Name>DiffuseTexture</Name>
									<Value>93b2efdb-28bb-490f-aed6-c1a6b089d7d1</Value>
								</Element>
								<Element index="1">
									<Name>InvFadeDistance</Name>
									<Value>0</Value>
								</Element>
								<Element index="2">
									<Name>ModulateColor</Name>
									<Value>(1, 1, 1, 0.15)</Value>
								</Element>
								<Element index="3">
									<Name>Soft</Name>
									<Value>0</Value>
								</Element>
								<Element index="4">
									<Name>HDRScale</Name>
									<Value>2</Value>
								</Element>
								<Element index="5">
									<Name>UVScale</Name>
									<Value>(1, 1)</Value>
								</Element>
								<Element index="6">
									<Name>Local</Name>
									<Value>false</Value>
								</Element>
								<Element index="7">
									<Name>BloomScale</Name>
									<Value>0.5</Value>
								</Element>
								<Element index="8">
									<Name>FogStrength</Name>
									<Value>0</Value>
								</Element>
								<Element index="9">
									<Name>DepthBias</Name>
									<Value>0</Value>
								</Element>
								<Element index="10">
									<Name>Distortion</Name>
									<Value>0</Value>
								</Element>
							</Parameters>
							<InactiveParameters count="0" ordered="true" />
							<MultiPassMaterials count="0" ordered="true" />
						</Element>
						<Element index="7">
							<LayerName>spark01_submat</LayerName>
							<ShaderName>Particle</ShaderName>
							<Parameters count="11" ordered="true">
								<Element index="0">
									<Name>DiffuseTexture</Name>
									<Value>74a084cf-d6d7-4906-b8b5-a196e3f7af77</Value>
								</Element>
								<Element index="1">
									<Name>InvFadeDistance</Name>
									<Value>0</Value>
								</Element>
								<Element index="2">
									<Name>ModulateColor</Name>
									<Value>(1, 1, 1, 16)</Value>
								</Element>
								<Element index="3">
									<Name>Soft</Name>
									<Value>0</Value>
								</Element>
								<Element index="4">
									<Name>HDRScale</Name>
									<Value>2</Value>
								</Element>
								<Element index="5">
									<Name>UVScale</Name>
									<Value>(1, 1)</Value>
								</Element>
								<Element index="6">
									<Name>Local</Name>
									<Value>false</Value>
								</Element>
								<Element index="7">
									<Name>BloomScale</Name>
									<Value>0.5</Value>
								</Element>
								<Element index="8">
									<Name>FogStrength</Name>
									<Value>0</Value>
								</Element>
								<Element index="9">
									<Name>DepthBias</Name>
									<Value>0</Value>
								</Element>
								<Element index="10">
									<Name>Distortion</Name>
									<Value>0</Value>
								</Element>
							</Parameters>
							<InactiveParameters count="0" ordered="true" />
							<MultiPassMaterials count="0" ordered="true" />
						</Element>
						<Element index="8">
							<LayerName>daoguang01_submat</LayerName>
							<ShaderName>Effect/Twisted</ShaderName>
							<Parameters count="12" ordered="true">
								<Element index="0">
									<Name>DiffuseTexture</Name>
									<Value>0a022a69-2792-408f-a90e-0209190441bd</Value>
								</Element>
								<Element index="1">
									<Name>MaskTexture</Name>
									<Value>b61c0393-a710-4f52-bc32-a91e0a99a24b</Value>
								</Element>
								<Element index="2">
									<Name>TwistTexture</Name>
									<Value>7f7cc947-f8bc-5e4e-b240-646af05b6728</Value>
								</Element>
								<Element index="3">
									<Name>TwistUVScolling</Name>
									<Value>(0.7, 3, -1.5, 0)</Value>
								</Element>
								<Element index="4">
									<Name>Soft</Name>
									<Value>0</Value>
								</Element>
								<Element index="5">
									<Name>DepthBias</Name>
									<Value>0</Value>
								</Element>
								<Element index="6">
									<Name>HDRScale</Name>
									<Value>1</Value>
								</Element>
								<Element index="7">
									<Name>FogStrength</Name>
									<Value>0</Value>
								</Element>
								<Element index="8">
									<Name>TwistStrength</Name>
									<Value>(0.02, 0)</Value>
								</Element>
								<Element index="9">
									<Name>ModulateColor</Name>
									<Value>(3, 3, 3, 4)</Value>
								</Element>
								<Element index="10">
									<Name>DiffuseUVScolling</Name>
									<Value>(0.5, 1, 0, 0)</Value>
								</Element>
								<Element index="11">
									<Name>BloomScale</Name>
									<Value>1</Value>
								</Element>
							</Parameters>
							<InactiveParameters count="0" ordered="true" />
							<MultiPassMaterials count="0" ordered="true" />
						</Element>
						<Element index="9">
							<LayerName>light02_submat</LayerName>
							<ShaderName>Particle</ShaderName>
							<Parameters count="11" ordered="true">
								<Element index="0">
									<Name>DiffuseTexture</Name>
									<Value>da76a15d-c8e2-4109-8a6f-cfc0281060e0</Value>
								</Element>
								<Element index="1">
									<Name>InvFadeDistance</Name>
									<Value>0</Value>
								</Element>
								<Element index="2">
									<Name>ModulateColor</Name>
									<Value>(1, 1, 1, 1)</Value>
								</Element>
								<Element index="3">
									<Name>Soft</Name>
									<Value>0</Value>
								</Element>
								<Element index="4">
									<Name>HDRScale</Name>
									<Value>2</Value>
								</Element>
								<Element index="5">
									<Name>UVScale</Name>
									<Value>(1, 1)</Value>
								</Element>
								<Element index="6">
									<Name>Local</Name>
									<Value>1</Value>
								</Element>
								<Element index="7">
									<Name>BloomScale</Name>
									<Value>0.5</Value>
								</Element>
								<Element index="8">
									<Name>FogStrength</Name>
									<Value>0</Value>
								</Element>
								<Element index="9">
									<Name>DepthBias</Name>
									<Value>0</Value>
								</Element>
								<Element index="10">
									<Name>Distortion</Name>
									<Value>0</Value>
								</Element>
							</Parameters>
							<InactiveParameters count="0" ordered="true" />
							<MultiPassMaterials count="0" ordered="true" />
						</Element>
					</Layers>
				</info>
				<flags count="10" ordered="true">
					<Element index="0">1048608</Element>
					<Element index="1">32</Element>
					<Element index="2">32</Element>
					<Element index="3">32</Element>
					<Element index="4">32</Element>
					<Element index="5">1048608</Element>
					<Element index="6">1048608</Element>
					<Element index="7">1048608</Element>
					<Element index="8">32</Element>
					<Element index="9">1048608</Element>
				</flags>
			</Entity>
		</Root>
	</SMaterialData>
</Resource>
