<?xml version='1.0' encoding='utf-8'?>
<Resource>
	<Version>2</Version>
	<SMaterialData>
		<Root>
			<Sub />
			<Entity type="SMaterialData">
				<name>_material</name>
				<info>
					<Layers count="1" ordered="true">
						<Element index="0">
							<LayerName>__none___submat</LayerName>
							<ShaderName>Particle</ShaderName>
							<Parameters count="11" ordered="true">
								<Element index="0">
									<Name>DiffuseTexture</Name>
									<Value>21fe4304-7c83-4a1c-a409-ab777b68a15a</Value>
								</Element>
								<Element index="1">
									<Name>InvFadeDistance</Name>
									<Value>0</Value>
								</Element>
								<Element index="2">
									<Name>ModulateColor</Name>
									<Value>(1, 1, 1, 1)</Value>
								</Element>
								<Element index="3">
									<Name>Soft</Name>
									<Value>0</Value>
								</Element>
								<Element index="4">
									<Name>HDRScale</Name>
									<Value>2</Value>
								</Element>
								<Element index="5">
									<Name>UVScale</Name>
									<Value>(1, 1)</Value>
								</Element>
								<Element index="6">
									<Name>Local</Name>
									<Value>1</Value>
								</Element>
								<Element index="7">
									<Name>BloomScale</Name>
									<Value>0.5</Value>
								</Element>
								<Element index="8">
									<Name>FogStrength</Name>
									<Value>0</Value>
								</Element>
								<Element index="9">
									<Name>DepthBias</Name>
									<Value>0</Value>
								</Element>
								<Element index="10">
									<Name>Distortion</Name>
									<Value>0</Value>
								</Element>
							</Parameters>
							<InactiveParameters count="0" ordered="true" />
							<MultiPassMaterials count="0" ordered="true" />
						</Element>
					</Layers>
				</info>
				<flags count="1" ordered="true">
					<Element index="0">1048608</Element>
				</flags>
			</Entity>
		</Root>
	</SMaterialData>
</Resource>
