{
    "conf": {
        "1219471011": [], 
        "1307976076": [], 
        "1372502054": [], 
        "1384518895": [], 
        "1463821116": [
            [
                "\u662f\u5426wasd", 
                100001
            ]
        ], 
        "1730953619": [], 
        "2095912585": []
    }, 
    "group_info": [
        {
            "__tuple__": true, 
            "items": [
                1372502054, 
                "\u5f00\u59cb\u6e38\u620f"
            ]
        }, 
        {
            "__tuple__": true, 
            "items": [
                1307976076, 
                "\u5f00\u573a\u7ec3\u4e60"
            ]
        }, 
        {
            "__tuple__": true, 
            "items": [
                1463821116, 
                "wasd\u79fb\u52a8\u66f4\u65b0"
            ]
        }, 
        {
            "__tuple__": true, 
            "items": [
                1384518895, 
                "\u5f00\u59cb\u7b2c\u4e8c\u5173"
            ]
        }, 
        {
            "__tuple__": true, 
            "items": [
                1219471011, 
                "\u7ec3\u4e60level\u8282\u594f1"
            ]
        }, 
        {
            "__tuple__": true, 
            "items": [
                1730953619, 
                "\u7ec3\u4e60level\u8282\u594f2"
            ]
        }, 
        {
            "__tuple__": true, 
            "items": [
                2095912585, 
                "\u65b0\u5efa\u4e8b\u4ef6_2"
            ]
        }
    ]
}