{
    "local_variable": {
        "52674570": {
            "variable_dict": {
                "INTEGER": {
                    "i": 0
                }, 
                "PROJECTILE_ENTITY": {
                    "\u5200\u5149": 0
                }
            }, 
            "variable_length_dict": {
                "i": 0, 
                "\u5200\u5149": 0
            }
        }, 
        "171487244": {
            "variable_dict": {
                "BOOLEAN": {
                    "CD\u7ed3\u675f": true
                }, 
                "NEW_TIMER": {}, 
                "SFX_ENTITY": {
                    "\u70df\u96fe": 0
                }
            }, 
            "variable_length_dict": {
                "CD\u7ed3\u675f": 0, 
                "\u70df\u96fe": 0
            }
        }, 
        "445378562": {
            "variable_dict": {
                "ANGLE": {
                    "direction": 0.0
                }, 
                "FLOAT": {
                    "x": 0.0, 
                    "y": 0.0, 
                    "\u901f\u5ea6": 0.0
                }, 
                "PLAYER": {
                    "\u73a9\u5bb6": 0
                }, 
                "POINT": {
                    "aimPoint": {
                        "__tuple__": true, 
                        "items": [
                            0, 
                            0, 
                            0
                        ]
                    }
                }, 
                "UNIT_ENTITY": {
                    "\u5355\u4f4d": 0
                }
            }, 
            "variable_length_dict": {
                "aimPoint": 0, 
                "direction": 0, 
                "x": 0, 
                "y": 0, 
                "\u5355\u4f4d": 0, 
                "\u73a9\u5bb6": 0, 
                "\u901f\u5ea6": 0
            }
        }, 
        "813559822": {
            "variable_dict": {
                "FLOAT": {
                    "bpm": 0.0
                }
            }, 
            "variable_length_dict": {
                "bpm": 0
            }
        }, 
        "1713352713": {
            "variable_dict": {
                "ANGLE": {
                    "direction": 0.0
                }, 
                "FLOAT": {
                    "x": 0.0, 
                    "y": 0.0, 
                    "\u901f\u5ea6": 0.0
                }, 
                "PLAYER": {
                    "\u73a9\u5bb6": 0
                }, 
                "POINT": {
                    "aimPoint": {
                        "__tuple__": true, 
                        "items": [
                            0, 
                            0, 
                            0
                        ]
                    }
                }, 
                "UNIT_ENTITY": {
                    "\u5355\u4f4d": 0
                }
            }, 
            "variable_length_dict": {
                "aimPoint": 0, 
                "direction": 0, 
                "x": 0, 
                "y": 0, 
                "\u5355\u4f4d": 0, 
                "\u73a9\u5bb6": 0, 
                "\u901f\u5ea6": 0
            }
        }, 
        "1815023629": {
            "variable_dict": {
                "BOOLEAN": {
                    "CD\u7ed3\u675f": true
                }, 
                "INTEGER": {}, 
                "NEW_TIMER": {}, 
                "SFX_ENTITY": {
                    "\u70df\u96fe": 0
                }
            }, 
            "variable_length_dict": {
                "CD\u7ed3\u675f": 0, 
                "\u70df\u96fe": 0
            }
        }, 
        "1875570739": {
            "variable_dict": {
                "PLAYER": {
                    "\u73a9\u5bb6": 0
                }, 
                "UNIT_ENTITY": {
                    "\u5355\u4f4d": 0
                }
            }, 
            "variable_length_dict": {
                "\u5355\u4f4d": 0, 
                "\u73a9\u5bb6": 0
            }
        }, 
        "1878741005": {
            "variable_dict": {
                "FLOAT": {
                    "bpm": 0.0
                }, 
                "PROJECTILE_ENTITY": {
                    "\u5200\u5149": 0
                }
            }, 
            "variable_length_dict": {
                "bpm": 0, 
                "\u5200\u5149": 0
            }
        }
    }, 
    "variable_comments": {}, 
    "variable_dict": {
        "BOOLEAN": {
            "wasd\u79fb\u52a8": true, 
            "\u5f00\u573a\u5bf9\u767d\u7ed3\u675f": false, 
            "\u79fb\u52a8CD\u7ed3\u675f": true
        }, 
        "FLOAT": {
            "\u4f24\u5bb3": 0.0
        }, 
        "INTEGER": {
            "\u79fb\u52a8\u70b9": 0
        }, 
        "NEW_TIMER": {
            "wasd\u79fb\u52a8\u8ba1\u65f6\u5668": -1
        }, 
        "POINT": {}, 
        "POINT_LIGHT": {
            "\u4e3b\u89d2\u5149\u73af": 0
        }, 
        "POINT_LIST": {
            "\u79fb\u52a8\u8def\u5f84": 0
        }, 
        "SOUND_ENTITY": {
            "level1bgm": 0, 
            "\u4e3b\u754c\u9762BGM": 0, 
            "\u7b2c\u4e8c\u5173\u6b4c\u66f2": 0, 
            "\u7ec3\u4e60\u6b4c\u66f2": 0
        }, 
        "TABLE": {}, 
        "UNIT_ENTITY": {
            "\u4e3b\u89d2": 0
        }, 
        "UNIT_NAME": {}
    }, 
    "variable_group_info": [
        {
            "__tuple__": true, 
            "items": [
                "\u4e3b\u89d2\u5149\u73af", 
                "\u4e3b\u89d2\u5149\u73af"
            ]
        }, 
        {
            "__tuple__": true, 
            "items": [
                "\u4e3b\u754c\u9762BGM", 
                "\u4e3b\u754c\u9762BGM"
            ]
        }, 
        {
            "__tuple__": true, 
            "items": [
                "level1bgm", 
                "level1bgm"
            ]
        }, 
        {
            "__tuple__": true, 
            "items": [
                "\u4e3b\u89d2", 
                "\u4e3b\u89d2"
            ]
        }, 
        {
            "__tuple__": true, 
            "items": [
                "\u5f00\u573a\u5bf9\u767d\u7ed3\u675f", 
                "\u5f00\u573a\u5bf9\u767d\u7ed3\u675f"
            ]
        }, 
        {
            "__tuple__": true, 
            "items": [
                "wasd\u79fb\u52a8\u8ba1\u65f6\u5668", 
                "wasd\u79fb\u52a8\u8ba1\u65f6\u5668"
            ]
        }, 
        {
            "__tuple__": true, 
            "items": [
                "wasd\u79fb\u52a8", 
                "wasd\u79fb\u52a8"
            ]
        }, 
        {
            "__tuple__": true, 
            "items": [
                "\u79fb\u52a8\u70b9", 
                "\u79fb\u52a8\u70b9"
            ]
        }, 
        {
            "__tuple__": true, 
            "items": [
                "\u79fb\u52a8\u8def\u5f84", 
                "\u79fb\u52a8\u8def\u5f84"
            ]
        }, 
        {
            "__tuple__": true, 
            "items": [
                "\u79fb\u52a8CD\u7ed3\u675f", 
                "\u79fb\u52a8CD\u7ed3\u675f"
            ]
        }, 
        {
            "__tuple__": true, 
            "items": [
                "\u7ec3\u4e60\u6b4c\u66f2", 
                "\u7ec3\u4e60\u6b4c\u66f2"
            ]
        }, 
        {
            "__tuple__": true, 
            "items": [
                "\u4f24\u5bb3", 
                "\u4f24\u5bb3"
            ]
        }, 
        {
            "__tuple__": true, 
            "items": [
                "\u7b2c\u4e8c\u5173\u6b4c\u66f2", 
                "\u7b2c\u4e8c\u5173\u6b4c\u66f2"
            ]
        }
    ], 
    "variable_length_dict": {
        "level1bgm": 0, 
        "wasd\u79fb\u52a8": 0, 
        "wasd\u79fb\u52a8\u8ba1\u65f6\u5668": 0, 
        "\u4e3b\u754c\u9762BGM": 0, 
        "\u4e3b\u89d2": 0, 
        "\u4e3b\u89d2\u5149\u73af": 0, 
        "\u4f24\u5bb3": 0, 
        "\u5f00\u573a\u5bf9\u767d\u7ed3\u675f": 0, 
        "\u79fb\u52a8CD\u7ed3\u675f": 0, 
        "\u79fb\u52a8\u70b9": 0, 
        "\u79fb\u52a8\u8def\u5f84": 0, 
        "\u7b2c\u4e8c\u5173\u6b4c\u66f2": 0, 
        "\u7ec3\u4e60\u6b4c\u66f2": 0
    }
}