{
    "1": 1, 
    "5": 1, 
    "6": 0, 
    "_custom_": true, 
    "_ref_": 134238062, 
    "async_effect": false, 
    "description": -1864880673, 
    "effect_destroy_way_is_immediately": false, 
    "effect_foes": [
        134272398, 
        {
            "__tuple__": true, 
            "items": [
                0.0, 
                0.0, 
                0.0
            ]
        }, 
        {
            "__tuple__": true, 
            "items": [
                0.0, 
                0.0, 
                0.0
            ]
        }, 
        {
            "__tuple__": true, 
            "items": [
                0.4, 
                0.1, 
                0.2
            ]
        }, 
        1.0, 
        {
            "anim": "idle1", 
            "base_color_mod": 1, 
            "base_tint_color": [
                255, 
                255, 
                255, 
                0.5
            ], 
            "is_loop": true, 
            "model": 103014, 
            "model_opacity": 1.0, 
            "offset": {
                "__tuple__": true, 
                "items": [
                    0.0, 
                    0.0, 
                    0.0
                ]
            }, 
            "rotate": {
                "__tuple__": true, 
                "items": [
                    0.0, 
                    0.0, 
                    0.0
                ]
            }, 
            "scale": {
                "__tuple__": true, 
                "items": [
                    1.0, 
                    1.0, 
                    1.0
                ]
            }, 
            "use_base_tint_color": false
        }
    ], 
    "effect_friend": [
        134272398, 
        {
            "__tuple__": true, 
            "items": [
                0.0, 
                0.0, 
                0.0
            ]
        }, 
        {
            "__tuple__": true, 
            "items": [
                0.0, 
                0.0, 
                0.0
            ]
        }, 
        {
            "__tuple__": true, 
            "items": [
                0.4, 
                0.1, 
                0.2
            ]
        }, 
        1.0, 
        {
            "anim": "idle1", 
            "base_color_mod": 1, 
            "base_tint_color": [
                255, 
                255, 
                255, 
                0.5
            ], 
            "is_loop": true, 
            "model": 103014, 
            "model_opacity": 1.0, 
            "offset": {
                "__tuple__": true, 
                "items": [
                    0.0, 
                    0.0, 
                    0.0
                ]
            }, 
            "rotate": {
                "__tuple__": true, 
                "items": [
                    0.0, 
                    0.0, 
                    0.0
                ]
            }, 
            "scale": {
                "__tuple__": true, 
                "items": [
                    1.0, 
                    1.0, 
                    1.0
                ]
            }, 
            "use_base_tint_color": false
        }
    ], 
    "icon": 100000, 
    "key": 134238062, 
    "kv": {}, 
    "max_duration": 60, 
    "move_channel": 0, 
    "move_limitation": 1, 
    "name": 440335771, 
    "sfx_loop": false, 
    "sound_event_list": {
        "__tuple__": true, 
        "items": []
    }, 
    "suffix": "", 
    "tags": {
        "__tuple__": true, 
        "items": []
    }, 
    "uid": "134238062"
}