{
    "_custom_": true, 
    "_ref_": 134222948, 
    "attach_models": {
        "__tuple__": true, 
        "items": []
    }, 
    "base_color_mod": 1, 
    "base_tint_color": {
        "__tuple__": true, 
        "items": [
            255, 
            255, 
            255, 
            0.5
        ]
    }, 
    "cast_shadow": false, 
    "collision_box": {
        "__tuple__": true, 
        "items": [
            [
                -5, 
                5
            ], 
            [
                -5, 
                -5
            ], 
            [
                5, 
                -5
            ], 
            [
                5, 
                5
            ]
        ]
    }, 
    "collision_height": {
        "__tuple__": true, 
        "items": []
    }, 
    "collision_points": {
        "__tuple__": true, 
        "items": [
            [
                -2, 
                -2
            ], 
            [
                1, 
                1
            ], 
            0
        ]
    }, 
    "description": 1537628987, 
    "effect_list": {
        "__tuple__": true, 
        "items": []
    }, 
    "enable_occlusion_perspective": false, 
    "fresnel_color": [
        110, 
        42, 
        7, 
        0.5
    ], 
    "fresnel_emissive_color_strength": 1, 
    "fresnel_exp": 1.0, 
    "icon": 100000, 
    "key": 134222948, 
    "kv": {}, 
    "material_alpha": 0.5, 
    "material_change": 11, 
    "material_color": [
        254, 
        84, 
        0
    ], 
    "material_color_intensity": 1.0, 
    "model": 206638, 
    "model_opacity": 1, 
    "name": -1952086937, 
    "receive_decal": false, 
    "scale": 1.0, 
    "suffix": "", 
    "tags": {
        "__tuple__": true, 
        "items": []
    }, 
    "uid": "134222948", 
    "use_base_tint_color": false, 
    "use_fresnel": false, 
    "use_physics": false
}