{
    "1": 1, 
    "4": 3.0, 
    "5": 1, 
    "6": 0, 
    "_custom_": true, 
    "_ref_": 134227682, 
    "attach_models": {
        "__tuple__": true, 
        "items": []
    }, 
    "base_color_mod": 1, 
    "base_tint_color": {
        "__tuple__": true, 
        "items": [
            255, 
            255, 
            255, 
            0.5
        ]
    }, 
    "cast_shadow": true, 
    "collision_box": {
        "__tuple__": true, 
        "items": [
            [
                -5, 
                5
            ], 
            [
                -5, 
                -5
            ], 
            [
                5, 
                -5
            ], 
            [
                5, 
                5
            ]
        ]
    }, 
    "collision_height": {
        "__tuple__": true, 
        "items": []
    }, 
    "collision_points": {
        "__tuple__": true, 
        "items": [
            [
                -2, 
                -2
            ], 
            [
                1, 
                1
            ], 
            0
        ]
    }, 
    "description": -1966243062, 
    "effect_list": {
        "__tuple__": true, 
        "items": []
    }, 
    "enable_occlusion_perspective": false, 
    "fresnel_color": [
        188, 
        34, 
        186, 
        0.5
    ], 
    "fresnel_emissive_color_strength": 5.0, 
    "fresnel_exp": 1.0, 
    "icon": 100000, 
    "key": 134227682, 
    "kv": {}, 
    "material_alpha": 0, 
    "material_change": 0, 
    "material_color": {
        "__tuple__": true, 
        "items": [
            255, 
            255, 
            255
        ]
    }, 
    "material_color_intensity": 0, 
    "model": 202268, 
    "model_opacity": 1, 
    "name": 664201362, 
    "receive_decal": false, 
    "scale": 1.0, 
    "suffix": "", 
    "tags": {
        "__tuple__": true, 
        "items": []
    }, 
    "uid": "134227682", 
    "use_base_tint_color": false, 
    "use_fresnel": true, 
    "use_physics": false
}