{
    "1": 1, 
    "5": 1, 
    "6": 0, 
    "_custom_": true, 
    "_ref_": 134226407, 
    "description": -1212592313, 
    "fade_in_time": 0, 
    "fade_out_time": 0, 
    "group": 0, 
    "icon": 100000, 
    "key": 134226407, 
    "kv": {}, 
    "max_dist": 1000, 
    "min_dist": 0, 
    "name": -699652254, 
    "sound_id": 1, 
    "sound_id_list": [
        {
            "sound_id": 122617, 
            "volume": 100
        }
    ], 
    "speed": 1, 
    "suffix": "", 
    "tags": {
        "__tuple__": true, 
        "items": []
    }, 
    "total_time": 0.417361111111, 
    "type": 1, 
    "uid": "134226407", 
    "volume": 100
}