{
    "3": 360.0, 
    "4": 0.3, 
    "100": -35.0, 
    "101": 360.0, 
    "_custom_": true, 
    "_ref_": 134281263, 
    "description": -2030891792, 
    "fade_in_time": 0, 
    "fade_out_time": 0, 
    "group": 0, 
    "icon": 100000, 
    "key": 134281263, 
    "kv": {}, 
    "max_dist": 1000, 
    "min_dist": 0, 
    "name": -198658783, 
    "sound_id": 1, 
    "sound_id_list": [
        {
            "probability": 100, 
            "sound_id": 122625, 
            "volume": 100
        }
    ], 
    "speed": 1, 
    "suffix": "", 
    "tags": {
        "__tuple__": true, 
        "items": []
    }, 
    "total_time": 0.417361111111, 
    "type": 1, 
    "uid": "134281263", 
    "volume": 100
}