{
    "_custom_": true, 
    "_ref_": 134238028, 
    "description": 1839257202, 
    "fade_in_time": 0, 
    "fade_out_time": 0, 
    "group": 0, 
    "icon": 100000, 
    "key": 134238028, 
    "kv": {}, 
    "max_dist": 1000, 
    "min_dist": 0, 
    "name": -1681307168, 
    "sound_id": 1, 
    "sound_id_list": [
        {
            "sound_id": 122652, 
            "volume": 100
        }
    ], 
    "speed": 1, 
    "suffix": "", 
    "tags": {
        "__tuple__": true, 
        "items": []
    }, 
    "total_time": 0.417361111111, 
    "type": 1, 
    "uid": "134238028", 
    "volume": 100
}