{
    "_custom_": true, 
    "_ref_": 134273916, 
    "description": 229953253, 
    "fade_in_time": 0, 
    "fade_out_time": 0, 
    "group": 0, 
    "icon": 100000, 
    "key": 134273916, 
    "kv": {}, 
    "max_dist": 1000, 
    "min_dist": 0, 
    "name": -1622430152, 
    "sound_id": 1, 
    "sound_id_list": [
        {
            "probability": 100, 
            "sound_id": 134242918, 
            "volume": 80
        }
    ], 
    "speed": 1, 
    "suffix": "", 
    "tags": {
        "__tuple__": true, 
        "items": []
    }, 
    "total_time": 0.417361111111, 
    "type": 1, 
    "uid": "134273916", 
    "volume": 100
}